{
  "codes": [
    {
      "code": "cockingnabeel1",
      "used": false
    },
    {
      "code": "X7pL2vT3Jz",
      "used": false
    },
    {
      "code": "M4N6xL1Qm",
      "used": false
    },
    {
      "code": "Y8L1vT2Jz",
      "used": false
    },
    {
      "code": "T9xK3pL4Lp",
      "used": false
    },
    {
      "code": "W5N7vL2Jm",
      "used": false
    },
    {
      "code": "F1L8xT4Qm",
      "used": false
    },
    {
      "code": "H2pN6vL9Lp",
      "used": false
    },
    {
      "code": "Z3xL4T1Jz",
      "used": false
    },
    {
      "code": "M7pL2vT6Qm",
      "used": false
    },
    {
      "code": "Y4N9xL1Lp",
      "used": false
    },
    {
      "code": "T2L3vN8Jm",
      "used": false
    },
    {
      "code": "W9xL1T4Lp",
      "used": false
    },
    {
      "code": "F5pN2xL8Jz",
      "used": false
    },
    {
      "code": "H1L6vT3Qm",
      "used": false
    },
    {
      "code": "Z2pN7L4Jm",
      "used": false
    },
    {
      "code": "M9xT1L4Lp",
      "used": false
    },
    {
      "code": "Y6L2vT8Jz",
      "used": false
    },
    {
      "code": "T3pN1L4Jm",
      "used": false
    },
    {
      "code": "W7L9xT2Qm",
      "used": false
    },
    {
      "code": "F2L8vN1Lp",
      "used": false
    },
    {
      "code": "H4pK6L1Jz",
      "used": false
    },
    {
      "code": "Z1xL2vT9Lp",
      "used": false
    },
    {
      "code": "M8N4xT2Jm",
      "used": false
    },
    {
      "code": "Y5L1vN7Qm",
      "used": false
    },
    {
      "code": "T6xK2pL4Lp",
      "used": false
    },
    {
      "code": "W1N9vL8Jz",
      "used": false
    },
    {
      "code": "F3pL6xT2Qm",
      "used": false
    },
    {
      "code": "H7N2vL4Lp",
      "used": false
    },
    {
      "code": "Z8xL1T6Jm",
      "used": false
    },
    {
      "code": "M2pN4vT7Qm",
      "used": false
    },
    {
      "code": "Y9L3xT1Lp",
      "used": false
    },
    {
      "code": "T4pK2L6Jz",
      "used": false
    },
    {
      "code": "W5xL9vN1Lp",
      "used": false
    },
    {
      "code": "F7L2T4Qm",
      "used": false
    },
    {
      "code": "H3pN8L1Jz",
      "used": false
    },
    {
      "code": "Z2xK4vL7Lp",
      "used": false
    },
    {
      "code": "M9pT1xL4Lp",
      "used": false
    },
    {
      "code": "Y2L6vN9Qm",
      "used": false
    },
    {
      "code": "T8xK4pL1Jz",
      "used": false
    },
    {
      "code": "W1pN7L2Lp",
      "used": false
    },
    {
      "code": "F3L8xT4Qm",
      "used": false
    },
    {
      "code": "H2N9vL1Jz",
      "used": false
    },
    {
      "code": "Z6pL4xT7Lp",
      "used": false
    },
    {
      "code": "M1L8vT2Qm",
      "used": false
    },
    {
      "code": "Y9pN3xL4Jz",
      "used": false
    },
    {
      "code": "T4xL7vN1Lp",
      "used": false
    },
    {
      "code": "W5N2pL8Jm",
      "used": false
    },
    {
      "code": "F8L4xT1Qm",
      "used": false
    },
    {
      "code": "H6pN2vL9Lp",
      "used": false
    },
    {
      "code": "Z3xL1T8Jz",
      "used": false
    },
    {
      "code": "M2pL4vN7Qm",
      "used": false
    },
    {
      "code": "Y6xT9L1Lp",
      "used": false
    },
    {
      "code": "T8L2vN3Jz",
      "used": false
    },
    {
      "code": "W4xK1pL7Lp",
      "used": false
    },
    {
      "code": "F5N2xT8Qm",
      "used": false
    },
    {
      "code": "H1pL7vN4Jz",
      "used": false
    },
    {
      "code": "Z8L3xT2Lp",
      "used": false
    },
    {
      "code": "M6pN1vL4Jm",
      "used": false
    },
    {
      "code": "Y2L9vT8Qm",
      "used": false
    },
    {
      "code": "T5xL4pN1Lp",
      "used": false
    },
    {
      "code": "W7N2vL6Jz",
      "used": false
    },
    {
      "code": "F3pL8xT1Qm",
      "used": false
    },
    {
      "code": "H9L2vN4Lp",
      "used": false
    },
    {
      "code": "Z1xT6pL8Jm",
      "used": false
    },
    {
      "code": "M4L9vN2Qm",
      "used": false
    },
    {
      "code": "Y6pT1xL3Lp",
      "used": false
    },
    {
      "code": "T2xN8vL4Jz",
      "used": false
    },
    {
      "code": "W5pL7xT1Qm",
      "used": false
    },
    {
      "code": "F6N2xT8Qm",
      "used": false
    },
    {
      "code": "H2pL9vT4Jz",
      "used": false
    },
    {
      "code": "Z7xL1T6Lp",
      "used": false
    },
    {
      "code": "M4pN2L9Jm",
      "used": false
    },
    {
      "code": "Y8L1vT2Qm",
      "used": false
    },
    {
      "code": "T3pL6xN4Lp",
      "used": false
    },
    {
      "code": "W9xK2L7Jz",
      "used": false
    },
    {
      "code": "F1L8vN4Qm",
      "used": false
    },
    {
      "code": "H7pN2xL6Lp",
      "used": false
    },
    {
      "code": "Z4xT9L1Jm",
      "used": false
    },
    {
      "code": "M2pL6vN7Qm",
      "used": false
    },
    {
      "code": "Y5xT4L1Lp",
      "used": false
    },
    {
      "code": "T9pK2vL6Jz",
      "used": false
    },
    {
      "code": "W1xL7N2Lp",
      "used": false
    },
    {
      "code": "F6L4T9Qm",
      "used": false
    },
    {
      "code": "H3pN8vL1Lp",
      "used": false
    },
    {
      "code": "Z2xL9T4Jm",
      "used": false
    },
    {
      "code": "M5pN1vL8Qm",
      "used": false
    },
    {
      "code": "Y2L4xT7Lp",
      "used": false
    },
    {
      "code": "T8xK1pL9Jz",
      "used": false
    },
    {
      "code": "W3N6vL2Lp",
      "used": false
    },
    {
      "code": "F9L2xT4Qm",
      "used": false
    },
    {
      "code": "H7pL1vN6Jz",
      "used": false
    },
    {
      "code": "Z1xT8L4Lp",
      "used": false
    },
    {
      "code": "M2N9pL3Jm",
      "used": false
    },
    {
      "code": "Y6L8vT1Qm",
      "used": false
    },
    {
      "code": "T5xL2pN9Jz",
      "used": false
    },
    {
      "code": "W7pL4xN1Lp",
      "used": false
    },
    {
      "code": "F1L6vT8Qm",
      "used": false
    },
    {
      "code": "H9pN3xL4Lp",
      "used": false
    },
    {
      "code": "Z4xL2T6Jz",
      "used": false
    },
    {
      "code": "M7pL1vN9Qm",
      "used": false
    },
    {
      "code": "Y3xT8L2Lp",
      "used": false
    },
    {
      "code": "T9pN4L1Jm",
      "used": false
    },
    {
      "code": "W2xL6vT4Qm",
      "used": false
    },
    {
      "code": "F8pL7xN1Jz",
      "used": false
    },
    {
      "code": "H4L2vT9Lp",
      "used": false
    },
    {
      "code": "Z1pN8xL3Jm",
      "used": false
    },
    {
      "code": "M6L9vT2Qm",
      "used": false
    },
    {
      "code": "Y2pL4xT8Lp",
      "used": false
    },
    {
      "code": "T5N1vL7Jz",
      "used": false
    },
    {
      "code": "W8xL2pN4Lp",
      "used": false
    },
    {
      "code": "F7L3xT9Qm",
      "used": false
    },
    {
      "code": "H2N8vL4Jm",
      "used": false
    },
    {
      "code": "Z9xL1T3Lp",
      "used": false
    },
    {
      "code": "M4pL6vT1Qm",
      "used": false
    },
    {
      "code": "Y5L2xN9Jz",
      "used": false
    },
    {
      "code": "T3xL4vN1Lp",
      "used": false
    },
    {
      "code": "W1pN8xL7Jm",
      "used": false
    },
    {
      "code": "F6L9vT2Qm",
      "used": false
    },
    {
      "code": "H4pL1xN7Jz",
      "used": false
    },
    {
      "code": "Z2L6vT8Lp",
      "used": false
    },
    {
      "code": "M9pT3L4Qm",
      "used": false
    },
    {
      "code": "Y1xN6vL8Lp",
      "used": false
    },
    {
      "code": "T7pL2vN4Jm",
      "used": false
    },
    {
      "code": "W5xL1T9Qm",
      "used": false
    },
    {
      "code": "F8pL4vN2Jz",
      "used": false
    },
    {
      "code": "H3xL7vT1Lp",
      "used": false
    },
    {
      "code": "Z6pN2T4Jm",
      "used": false
    },
    {
      "code": "M1L8vN9Qm",
      "used": false
    },
    {
      "code": "Y4pL3xT2Jz",
      "used": false
    },
    {
      "code": "T6xN1vL8Lp",
      "used": false
    },
    {
      "code": "W9pL2vT4Qm",
      "used": false
    },
    {
      "code": "F2L7xT9Jz",
      "used": false
    },
    {
      "code": "H8pL1vN3Lp",
      "used": false
    },
    {
      "code": "Z4xT6L2Jm",
      "used": false
    },
    {
      "code": "M7N1pL4Qm",
      "used": false
    },
    {
      "code": "Y2L9vT6Lp",
      "used": false
    },
    {
      "code": "T5xK4N1Jz",
      "used": false
    },
    {
      "code": "W3pL8vL2Lp",
      "used": false
    },
    {
      "code": "F9L2xT7Qm",
      "used": false
    },
    {
      "code": "H1pN6vL4Jm",
      "used": false
    },
    {
      "code": "Z8xL2T1Lp",
      "used": false
    },
    {
      "code": "M4pN9vT3Qm",
      "used": false
    },
    {
      "code": "Y6L1xT8Lp",
      "used": false
    },
    {
      "code": "T2xL4vN7Jz",
      "used": false
    },
    {
      "code": "W5N8pL1Lp",
      "used": false
    },
    {
      "code": "F7L6vT2Qm",
      "used": false
    },
    {
      "code": "H9pL3xN4Jz",
      "used": false
    },
    {
      "code": "Z1xL8T2Lp",
      "used": false
    },
    {
      "code": "M2N6pL4Qm",
      "used": false
    },
    {
      "code": "Y4L1vT8Jz",
      "used": false
    },
    {
      "code": "T7pN2xL6Lp",
      "used": false
    },
    {
      "code": "W1xL4vN9Jm",
      "used": false
    },
    {
      "code": "F8pL2xT4Qm",
      "used": false
    },
    {
      "code": "H3L9vT1Lp",
      "used": false
    },
    {
      "code": "Z2xN4vL7Jz",
      "used": false
    },
    {
      "code": "M6L1pT9Qm",
      "used": false
    },
    {
      "code": "Y5xT2vN4Lp",
      "used": false
    },
    {
      "code": "T9pL8N1Jm",
      "used": false
    },
    {
      "code": "W2xL4vT7Qm",
      "used": false
    },
    {
      "code": "F6pN1xL3Jz",
      "used": false
    },
    {
      "code": "H4L9vT2Lp",
      "used": false
    },
    {
      "code": "Z1pN7xL4Jm",
      "used": false
    },
    {
      "code": "M5xL8vT2Qm",
      "used": false
    },
    {
      "code": "Y2L1pN4Jz",
      "used": false
    },
    {
      "code": "T8xN6vL3Lp",
      "used": false
    },
    {
      "code": "W4pL7xT1Qm",
      "used": false
    },
    {
      "code": "F9N2vT4Jz",
      "used": false
    },
    {
      "code": "H1xL8vN6Lp",
      "used": false
    },
    {
      "code": "Z3pT2L4Jm",
      "used": false
    },
    {
      "code": "M7L1vT9Qm",
      "used": false
    },
    {
      "code": "Y4xL2vN8Lp",
      "used": false
    },
    {
      "code": "T5pN1xL6Jz",
      "used": false
    },
    {
      "code": "W2xL4vT9Lp",
      "used": false
    },
    {
      "code": "F8L6xT1Qm",
      "used": false
    },
    {
      "code": "H3pN2vL9Jz",
      "used": false
    },
    {
      "code": "Z1xT4L7Lp",
      "used": false
    },
    {
      "code": "M9pL2vN1Jm",
      "used": false
    },
    {
      "code": "Y6L4xT8Qm",
      "used": false
    },
    {
      "code": "T2xN1vL7Lp",
      "used": false
    },
    {
      "code": "W5pL9xT4Jz",
      "used": false
    },
    {
      "code": "F7N2vL1Qm",
      "used": false
    },
    {
      "code": "H8pL6xT2Lp",
      "used": false
    },
    {
      "code": "Z3L1vT9Jm",
      "used": false
    },
    {
      "code": "M4xN2vL7Qm",
      "used": false
    },
    {
      "code": "Y5pT1xL8Lp",
      "used": false
    },
    {
      "code": "T6xL4vN3Jz",
      "used": false
    },
    {
      "code": "W1N2pL7Lp",
      "used": false
    },
    {
      "code": "F9xL6T4Qm",
      "used": false
    },
    {
      "code": "H2pL8vN1Jz",
      "used": false
    },
    {
      "code": "Z7xL4vT2Lp",
      "used": false
    },
    {
      "code": "M5pN9L1Jm",
      "used": false
    },
    {
      "code": "Y2L6vT8Qm",
      "used": false
    },
    {
      "code": "T4xL1pN7Jz",
      "used": false
    },
    {
      "code": "W8pL2xT4Lp",
      "used": false
    },
    {
      "code": "F6L3vN9Qm",
      "used": false
    },
    {
      "code": "H1xL2pT7Jz",
      "used": false
    },
    {
      "code": "Z4L6vT1Lp",
      "used": false
    },
    {
      "code": "M2pN8xL4Jm",
      "used": false
    },
    {
      "code": "Y7L1vT2Qm",
      "used": false
    },
    {
      "code": "T3pL6xN9Lp",
      "used": false
    },
    {
      "code": "W1xL4vT2Jz",
      "used": false
    },
    {
      "code": "F8pL9N1Qm",
      "used": false
    },
    {
      "code": "H4L2xT7Lp",
      "used": false
    },
    {
      "code": "Z9pL6vN3Jm",
      "used": false
    },
    {
      "code": "M1L8xT4Qm",
      "used": false
    },
    {
      "code": "Y2pN6vL9Lp",
      "used": false
    },
    {
      "code": "T5xL1vT8Jz",
      "used": false
    },
    {
      "code": "W3pN4L7Lp",
      "used": false
    },
    {
      "code": "F9L2xN1Qm",
      "used": false
    },
    {
      "code": "H7pL8vT3Jz",
      "used": false
    },
    {
      "code": "Z1xL6vT4Lp",
      "used": false
    },
    {
      "code": "M2pN9L4Jm",
      "used": false
    },
    {
      "code": "Y8xT1L2Qm",
      "used": false
    },
    {
      "code": "T4pL7vN1Lp",
      "used": false
    },
    {
      "code": "W9xL2vT6Jz",
      "used": false
    },
    {
      "code": "F1L4xN7Qm",
      "used": false
    },
    {
      "code": "H6pN2vL8Lp",
      "used": false
    },
    {
      "code": "Z3xL9T1Jm",
      "used": false
    },
    {
      "code": "M7pL4vT2Qm",
      "used": false
    },
    {
      "code": "Y1L6xN8Lp",
      "used": false
    },
    {
      "code": "T5xL9vN2Jz",
      "used": false
    },
    {
      "code": "W2pL8xT4Lp",
      "used": false
    },
    {
      "code": "F6L1vN3Qm",
      "used": false
    },
    {
      "code": "H9pL4xT2Jz",
      "used": false
    },
    {
      "code": "Z2xL7vN1Lp",
      "used": false
    },
    {
      "code": "M5L9pT4Jm",
      "used": false
    },
    {
      "code": "Y4xL2vN6Lp",
      "used": false
    },
    {
      "code": "T7pN1xL8Qm",
      "used": false
    },
    {
      "code": "W3xL6vT2Lp",
      "used": false
    },
    {
      "code": "F9pL8N1Jz",
      "used": false
    },
    {
      "code": "H1L2vT4Lp",
      "used": false
    },
    {
      "code": "Z4xN6vT1Jm",
      "used": false
    },
    {
      "code": "M8pL4xT2Qm",
      "used": false
    },
    {
      "code": "Y2L7vN9Lp",
      "used": false
    },
    {
      "code": "T5xN1L4Jz",
      "used": false
    },
    {
      "code": "W6pL8xT2Lp",
      "used": false
    },
    {
      "code": "F1L9vN3Qm",
      "used": false
    },
    {
      "code": "H3xL2vT6Jz",
      "used": false
    },
    {
      "code": "Z9pN4L1Lp",
      "used": false
    },
    {
      "code": "M2L8xT1Qm",
      "used": false
    },
    {
      "code": "Y5pN6vL4Lp",
      "used": false
    },
    {
      "code": "T8xL9vN1Jz",
      "used": false
    },
    {
      "code": "W4pL2xT6Lp",
      "used": false
    },
    {
      "code": "F7L1xN4Qm",
      "used": false
    },
    {
      "code": "H2pL8vT3Jz",
      "used": false
    },
    {
      "code": "Z1xN6vL4Lp",
      "used": false
    },
    {
      "code": "M3pL9xT2Qm",
      "used": false
    },
    {
      "code": "Y6L2vN8Lp",
      "used": false
    },
    {
      "code": "T4xN1vL7Jz",
      "used": false
    },
    {
      "code": "W8pL6xT2Lp",
      "used": false
    },
    {
      "code": "F9L4vN1Qm",
      "used": false
    },
    {
      "code": "H1xL7vT2Jz",
      "used": false
    },
    {
      "code": "Z3pN8L4Lp",
      "used": false
    },
    {
      "code": "M5L2xT9Qm",
      "used": false
    },
    {
      "code": "Y4pN1vL6Lp",
      "used": false
    },
    {
      "code": "T8xL2vN7Jz",
      "used": false
    },
    {
      "code": "W1pL4xT9Lp",
      "used": false
    },
    {
      "code": "F7L8vN2Qm",
      "used": false
    },
    {
      "code": "H6xN1vL4Jz",
      "used": false
    },
    {
      "code": "Z2L9xT4Lp",
      "used": false
    },
    {
      "code": "M8pL1vN6Qm",
      "used": false
    },
    {
      "code": "Y3L4xT9Lp",
      "used": false
    },
    {
      "code": "T5xN2vL1Jz",
      "used": false
    },
    {
      "code": "W4L8pT6Lp",
      "used": false
    },
    {
      "code": "F9xL1vN4Qm",
      "used": false
    },
    {
      "code": "H3pL2vT9Jz",
      "used": false
    },
    {
      "code": "Z1xN4L8Lp",
      "used": false
    },
    {
      "code": "M6L2pT9Qm",
      "used": false
    },
    {
      "code": "Y5xN1vL4Lp",
      "used": false
    },
    {
      "code": "T4pL6xN9Jz",
      "used": false
    },
    {
      "code": "W2xL8vT1Lp",
      "used": false
    },
    {
      "code": "F7N4vL2Qm",
      "used": false
    },
    {
      "code": "H1pL9xT6Jz",
      "used": false
    },
    {
      "code": "Z3xL2vN8Lp",
      "used": false
    },
    {
      "code": "M5L4vT1Qm",
      "used": false
    },
    {
      "code": "Y2pN6xL9Lp",
      "used": false
    },
    {
      "code": "T8xN1vL4Jz",
      "used": false
    },
    {
      "code": "W9pL2xT6Lp",
      "used": false
    },
    {
      "code": "F4L8vN1Qm",
      "used": false
    },
    {
      "code": "H3xL7vT2Jz",
      "used": false
    },
    {
      "code": "Z2pN1L6Lp",
      "used": false
    },
    {
      "code": "M9L4xT2Qm",
      "used": false
    },
    {
      "code": "Y5xN8vL1Lp",
      "used": false
    },
    {
      "code": "T2pL6vN4Jz",
      "used": false
    },
    {
      "code": "W3xL1vT8Lp",
      "used": false
    },
    {
      "code": "F8pN2xL4Qm",
      "used": false
    },
    {
      "code": "H6L9vT1Jz",
      "used": false
    },
    {
      "code": "Z1pL4xT6Lp",
      "used": false
    },
    {
      "code": "M2L7vT8Qm",
      "used": false
    },
    {
      "code": "Y3xN1L2Lp",
      "used": false
    },
    {
      "code": "T5pL4xN8Jz",
      "used": false
    },
    {
      "code": "W2xL9vT6Lp",
      "used": false
    },
    {
      "code": "F7N1xL4Qm",
      "used": false
    },
    {
      "code": "H8pL6xT2Jz",
      "used": false
    },
    {
      "code": "Z4xN1L7Lp",
      "used": false
    },
    {
      "code": "M5pT9L1Qm",
      "used": false
    },
    {
      "code": "Y2L4xN8Lp",
      "used": false
    },
    {
      "code": "T9xL2vN4Jz",
      "used": false
    },
    {
      "code": "W1pL6xT8Lp",
      "used": false
    },
    {
      "code": "F8L2vN1Qm",
      "used": false
    },
    {
      "code": "H5xN7vL2Jz",
      "used": false
    },
    {
      "code": "Z1pL3xT9Lp",
      "used": false
    },
    {
      "code": "M4L6vT2Qm",
      "used": false
    },
    {
      "code": "Y3pN1xL8Lp",
      "used": false
    },
    {
      "code": "T2xL4vN9Jz",
      "used": false
    },
    {
      "code": "W8pL1xT6Lp",
      "used": false
    },
    {
      "code": "F9xL2vN4Qm",
      "used": false
    },
    {
      "code": "H2pN6xT1Jz",
      "used": false
    },
    {
      "code": "Z5L4xT8Lp",
      "used": false
    },
    {
      "code": "M3xL2pN9Qm",
      "used": false
    },
    {
      "code": "Y6pL4vT1Lp",
      "used": false
    },
    {
      "code": "T7xN1vL8Jz",
      "used": false
    },
    {
      "code": "W2L4xT9Lp",
      "used": false
    },
    {
      "code": "F1pN6xL2Qm",
      "used": false
    },
    {
      "code": "H4xT8vN2Jz",
      "used": false
    },
    {
      "code": "Z7pL1xN4Lp",
      "used": false
    },
    {
      "code": "M2xL9vT3Qm",
      "used": false
    },
    {
      "code": "Y5pN4L1Lp",
      "used": false
    },
    {
      "code": "T6xN1vL4Jz",
      "used": false
    },
    {
      "code": "W3pL2xT8Lp",
      "used": false
    },
    {
      "code": "F8N1vL4Qm",
      "used": false
    },
    {
      "code": "H1xL7vT2Lp",
      "used": false
    },
    {
      "code": "Z4pL6xT1Jz",
      "used": false
    },
    {
      "code": "M5N2pL4Qm",
      "used": false
    },
    {
      "code": "Y3xN8vL2Lp",
      "used": false
    },
    {
      "code": "T2pL9xL1Jz",
      "used": false
    },
    {
      "code": "W7xL4vT6Lp",
      "used": false
    },
    {
      "code": "F1L2xN9Qm",
      "used": false
    },
    {
      "code": "H8pN4xL6Jz",
      "used": false
    },
    {
      "code": "Z2L8vT1Lp",
      "used": false
    },
    {
      "code": "M4xN6pL2Qm",
      "used": false
    },
    {
      "code": "Y5L4vT9Lp",
      "used": false
    },
    {
      "code": "T3pL1xN6Jz",
      "used": false
    },
    {
      "code": "W2xL8vN4Lp",
      "used": false
    },
    {
      "code": "F7N1vL2Qm",
      "used": false
    },
    {
      "code": "H1xL6vT8Lp",
      "used": false
    },
    {
      "code": "Z4pL2N9Jz",
      "used": false
    },
    {
      "code": "M6L8vT1Qm",
      "used": false
    },
    {
      "code": "Y2pL4xN9Lp",
      "used": false
    },
    {
      "code": "T9xL1vN2Jz",
      "used": false
    },
    {
      "code": "W3pL6xT4Lp",
      "used": false
    },
    {
      "code": "F5L2vN1Qm",
      "used": false
    },
    {
      "code": "H8pN4xL6Lp",
      "used": false
    },
    {
      "code": "Z3xN2L8Jz",
      "used": false
    },
    {
      "code": "M2L4vT9Qm",
      "used": false
    },
    {
      "code": "Y5xN1vL6Lp",
      "used": false
    },
    {
      "code": "T8xL2vN4Jz",
      "used": false
    },
    {
      "code": "W4pL1xT6Lp",
      "used": false
    },
    {
      "code": "F7xN2vL4Qm",
      "used": false
    },
    {
      "code": "H2L8vT1Jz",
      "used": false
    },
    {
      "code": "Z5pL4N9Lp",
      "used": false
    },
    {
      "code": "M3L2vT6Qm",
      "used": false
    },
    {
      "code": "Y6pN1L4Lp",
      "used": false
    },
    {
      "code": "T9xL2vN8Jz",
      "used": false
    },
    {
      "code": "W1pL7xT4Lp",
      "used": false
    },
    {
      "code": "F6L2xN9Qm",
      "used": false
    },
    {
      "code": "H3xL8vT1Jz",
      "used": false
    },
    {
      "code": "Z2pN4L6Lp",
      "used": false
    },
    {
      "code": "M7xL1vT8Qm",
      "used": false
    },
    {
      "code": "Y3pN2L4Jz",
      "used": false
    },
    {
      "code": "T5xN1vL6Lp",
      "used": false
    },
    {
      "code": "W8L4xT2Lp",
      "used": false
    },
    {
      "code": "F9pL6N1Qm",
      "used": false
    },
    {
      "code": "H2xL4vN9Jz",
      "used": false
    },
    {
      "code": "Z1pL7xT6Lp",
      "used": false
    },
    {
      "code": "M4xN2pL8Qm",
      "used": false
    },
    {
      "code": "Y5L1xN9Lp",
      "used": false
    },
    {
      "code": "T2xL6vN4Jz",
      "used": false
    },
    {
      "code": "W9pL2xT4Lp",
      "used": false
    },
    {
      "code": "F7N1xL6Qm",
      "used": false
    },
    {
      "code": "H8xL4vN2Jz",
      "used": false
    },
    {
      "code": "Z3pL6xT1Lp",
      "used": false
    },
    {
      "code": "M5L9xT4Qm",
      "used": false
    },
    {
      "code": "Y2xL4vN8Lp",
      "used": false
    },
    {
      "code": "T9xN1vL6Jz",
      "used": false
    },
    {
      "code": "W4pL2xT8Lp",
      "used": false
    },
    {
      "code": "F8xN2vL4Qm",
      "used": false
    },
    {
      "code": "H1L6xT9Jz",
      "used": false
    },
    {
      "code": "Z5pN1L4Lp",
      "used": false
    },
    {
      "code": "M3xL2vT6Qm",
      "used": false
    },
    {
      "code": "Y5pL1xN9Lp",
      "used": false
    },
    {
      "code": "T2xL4vN8Jz",
      "used": false
    },
    {
      "code": "W8L2xT9Lp",
      "used": false
    },
    {
      "code": "F6pN4L1Qm",
      "used": false
    },
    {
      "code": "H3xL2vT9Jz",
      "used": false
    },
    {
      "code": "Z2pL6xN4Lp",
      "used": false
    },
    {
      "code": "M9L1vT2Qm",
      "used": false
    },
    {
      "code": "Y4pL7xN1Lp",
      "used": false
    },
    {
      "code": "T5xL2vN9Jz",
      "used": false
    },
    {
      "code": "W3xL8vT4Lp",
      "used": false
    },
    {
      "code": "F1pN6xL4Qm",
      "used": false
    },
    {
      "code": "H4xN2vT1Jz",
      "used": false
    },
    {
      "code": "Z6pL4N9Lp",
      "used": false
    },
    {
      "code": "M2L8vT1Qm",
      "used": false
    },
    {
      "code": "Y5xN1L4Lp",
      "used": false
    },
    {
      "code": "T3pL2xN9Jz",
      "used": false
    },
    {
      "code": "W4xL6vT8Lp",
      "used": false
    },
    {
      "code": "F7pN1xL2Qm",
      "used": false
    },
    {
      "code": "H2L8vT4Jz",
      "used": false
    },
    {
      "code": "Z1pN4L6Lp",
      "used": false
    },
    {
      "code": "M6xT1vL9Qm",
      "used": false
    },
    {
      "code": "Y3pL2xN8Lp",
      "used": false
    },
    {
      "code": "T9xL4vN1Jz",
      "used": false
    },
    {
      "code": "W2pL6xT8Lp",
      "used": false
    },
    {
      "code": "F4L9xN1Qm",
      "used": false
    },
    {
      "code": "H7xL2vT6Jz",
      "used": false
    },
    {
      "code": "Z2pN1xL4Lp",
      "used": false
    },
    {
      "code": "M8xT4vL2Qm",
      "used": false
    },
    {
      "code": "Y5xN6pL1Lp",
      "used": false
    },
    {
      "code": "T2xL9vN4Jz",
      "used": false
    },
    {
      "code": "W3L6pT8Lp",
      "used": false
    },
    {
      "code": "F1N4xL2Qm",
      "used": false
    },
    {
      "code": "H5xL7vT1Jz",
      "used": false
    },
    {
      "code": "Z4pN2L6Lp",
      "used": false
    },
    {
      "code": "M3xL8vT4Qm",
      "used": false
    },
    {
      "code": "Y6pN1L2Lp",
      "used": false
    },
    {
      "code": "T9xL2vN4Jz",
      "used": false
    },
    {
      "code": "W4pL1xT6Lp",
      "used": false
    },
    {
      "code": "F8xN2vL4Qm",
      "used": false
    },
    {
      "code": "H1L6vT9Jz",
      "used": false
    },
    {
      "code": "Z3pN4L2Lp",
      "used": false
    },
    {
      "code": "M2L9vT1Qm",
      "used": false
    },
    {
      "code": "Y5xN4L6Lp",
      "used": false
    },
    {
      "code": "T8pL2vN1Jz",
      "used": false
    },
    {
      "code": "W1xL6vT4Lp",
      "used": false
    },
    {
      "code": "F7pN1L9Qm",
      "used": false
    },
    {
      "code": "H3xL2vT8Jz",
      "used": false
    },
    {
      "code": "Z1pL4N6Lp",
      "used": false
    },
    {
      "code": "M4xN2L9Qm",
      "used": false
    },
    {
      "code": "Y5pL6xN1Lp",
      "used": false
    },
    {
      "code": "T2xL8vN4Jz",
      "used": false
    },
    {
      "code": "W9pL1xT6Lp",
      "used": false
    },
    {
      "code": "F1L9xN2Qm",
      "used": false
    },
    {
      "code": "H4xN1vL6Jz",
      "used": false
    },
    {
      "code": "Z2pL8xN4Lp",
      "used": false
    },
    {
      "code": "M7L1xT4Qm",
      "used": false
    },
    {
      "code": "Y3pN2xL6Lp",
      "used": false
    },
    {
      "code": "T5xL4vN1Jz",
      "used": false
    },
    {
      "code": "W2xL8pT6Lp",
      "used": false
    },
    {
      "code": "F7N2xL1Qm",
      "used": false
    },
    {
      "code": "H8xL4vN6Jz",
      "used": false
    },
    {
      "code": "Z3pL1xT8Lp",
      "used": false
    },
    {
      "code": "M5xL2vT4Qm",
      "used": false
    },
    {
      "code": "Y6pN9L1Lp",
      "used": false
    },
    {
      "code": "T2xL7vN4Jz",
      "used": false
    },
    {
      "code": "W3pL6xT8Lp",
      "used": false
    },
    {
      "code": "F8xN4vL1Qm",
      "used": false
    },
    {
      "code": "H1pL9xT2Jz",
      "used": false
    },
    {
      "code": "Z2xL6vN4Lp",
      "used": false
    },
    {
      "code": "M4pL1xT9Qm",
      "used": false
    },
    {
      "code": "Y3xL8vN2Lp",
      "used": false
    },
    {
      "code": "T7pL4xN1Jz",
      "used": false
    },
    {
      "code": "W2L8xT6Lp",
      "used": false
    },
    {
      "code": "F1xN2vL4Qm",
      "used": false
    },
    {
      "code": "H4pL6xT1Jz",
      "used": false
    },
    {
      "code": "Z5L1xN2Lp",
      "used": false
    },
    {
      "code": "M8pN4L6Qm",
      "used": false
    },
    {
      "code": "Y2xL7vN1Lp",
      "used": false
    },
    {
      "code": "T9xL4vN2Jz",
      "used": false
    },
    {
      "code": "W1pL6xT8Lp",
      "used": false
    },
    {
      "code": "F7N1xL2Qm",
      "used": false
    },
    {
      "code": "H2xL8vT4Jz",
      "used": false
    },
    {
      "code": "Z1pL3xN4Lp",
      "used": false
    },
    {
      "code": "M6L2vT9Qm",
      "used": false
    },
    {
      "code": "Y5pL1xN8Lp",
      "used": false
    },
    {
      "code": "T4xL2vN6Jz",
      "used": false
    },
    {
      "code": "W9xL1pT4Lp",
      "used": false
    },
    {
      "code": "F8N2xL4Qm",
      "used": false
    },
    {
      "code": "H3xL6vT1Jz",
      "used": false
    },
    {
      "code": "Z2pL9xN4Lp",
      "used": false
    },
    {
      "code": "M4L8vT1Qm",
      "used": false
    },
    {
      "code": "Y5xN2L6Lp",
      "used": false
    },
    {
      "code": "T7xL4vN1Jz",
      "used": false
    },
    {
      "code": "W2L8xT6Lp",
      "used": false
    },
    {
      "code": "F1xN4vL2Qm",
      "used": false
    },
    {
      "code": "H6pL2xT9Jz",
      "used": false
    },
    {
      "code": "Z3L8vN1Lp",
      "used": false
    },
    {
      "code": "M5xL1vT2Qm",
      "used": false
    },
    {
      "code": "Y2pN4L6Lp",
      "used": false
    },
    {
      "code": "T9xL6vN2Jz",
      "used": false
    },
    {
      "code": "W4xL8pT1Lp",
      "used": false
    },
    {
      "code": "F7pL2xN1Qm",
      "used": false
    },
    {
      "code": "H1xL9vT4Jz",
      "used": false
    },
    {
      "code": "Z2pL6xN4Lp",
      "used": false
    },
    {
      "code": "M3xL8vT1Qm",
      "used": false
    },
    {
      "code": "Y5pN2L6Lp",
      "used": false
    },
    {
      "code": "T4xL9vN2Jz",
      "used": false
    },
    {
      "code": "W7pL1xT6Lp",
      "used": false
    },
    {
      "code": "F8xN2vL4Qm",
      "used": false
    },
    {
      "code": "H2xL6vT1Jz",
      "used": false
    },
    {
      "code": "Z5pL4N2Lp",
      "used": false
    },
    {
      "code": "M7L1xT8Qm",
      "used": false
    },
    {
      "code": "Y3pN4xL2Lp",
      "used": false
    },
    {
      "code": "T9xL1vN6Jz",
      "used": false
    },
    {
      "code": "W4L8xT2Lp",
      "used": false
    },
    {
      "code": "F1xN6vL4Qm",
      "used": false
    },
    {
      "code": "H3pL2xT8Jz",
      "used": false
    },
    {
      "code": "Z2L1xN4Lp",
      "used": false
    },
    {
      "code": "M8xL2vT4Qm",
      "used": false
    },
    {
      "code": "Y5pN1L6Lp",
      "used": false
    }
  ]
}